generation,combination_avg_best_fitness,combination_avg_mean_fitness,combination_std_best_fitness,combination_std_mean_fitness,combination_best_fitness
1,0.0723324365157292,0.0723324365157292,0.13948337596020088,0.13948337596020088,0.2917407813957494
2,-0.05236494037618148,-0.05236494037618148,0.21278806363168964,0.21278806363168964,0.3192396693577581
