generation,best_fitness,mean_fitness
1,0.8527502238772822,-0.04974332426407125
2,1.570507126347667,0.09940417626682255
