generation,best_fitness,mean_fitness
1,0.8527502238772822,-0.04974332426407125
2,1.3300517948802215,0.07484418587037926
