generation,best_fitness,mean_fitness
1,-0.0760964479521567,-0.09033558583955167
