generation,best_fitness,mean_fitness
1,0.220476915001944,0.12392755444274824
2,0.6906486535274905,0.27345081260828447
3,0.6906486535274905,0.49345819702249416
4,0.6906486535274905,0.6906486535274905
5,0.6906486535274905,0.6906486535274905
6,0.6906486535274905,0.6906486535274905
7,0.6906486535274905,0.6906486535274905
