generation,best_fitness,mean_fitness
1,0.5537375432976195,0.11786749993736811
2,0.6062040737159176,0.11671306855623323
