generation,best_fitness,mean_fitness
1,0.08002179594749892,-0.13315621485268694
2,0.08002179594749892,-0.13315621485268694
