generation,best_fitness,mean_fitness
1,0.041351171479174054,-0.016303087484358224
2,0.6533729120844533,0.15849971575448912
3,0.6533729120844533,0.18706961513524356
4,0.6533729120844533,0.19484098031358144
5,0.6533729120844533,0.19484098031358144
6,0.6533729120844533,0.19484098031358144
7,0.6533729120844533,0.19484098031358144
