generation,combination_avg_best_fitness,combination_avg_mean_fitness,combination_std_best_fitness,combination_std_mean_fitness,combination_best_fitness
1,0.25403126514317176,0.027690788222528122,0.25462871230084055,0.06261775654849025,0.7391744008595595
2,1.835498057862377,0.7490566496033744,0.07507867605843463,0.11327896088090929,1.9358569547698536
3,1.8518479884541956,1.3962599769737636,0.06004476563263582,0.17080849802914636,1.9358569547698536
4,1.8646341184373,1.7517143866775786,0.05921893594611938,0.08214660723484996,1.9358569547698536
5,1.8646341184373,1.767838652740864,0.05921893594611938,0.08481208730421164,1.9358569547698536
6,1.869941534728889,1.7638996951343828,0.05121460223133942,0.08813009409897961,1.9358569547698536
7,1.869941534728889,1.8017690643217403,0.05121460223133942,0.04350088785796533,1.9358569547698536
