generation,best_fitness,mean_fitness
1,0.7716517472260646,0.22321808349860053
2,0.7716517472260646,0.40541096150712913
