generation,best_fitness,mean_fitness
1,0.07129149855020506,0.07129149855020506
2,-0.1567255581541016,-0.1567255581541016
