generation,best_fitness,mean_fitness
1,0.3529318544528623,-0.0875090315767803
2,0.3529318544528623,-0.0875090315767803
