generation,best_fitness,mean_fitness
1,0.21513312019093334,0.028330465550253064
2,2.167530943474551,0.91282574441694
3,2.2226783568766018,1.7887930674277368
4,2.2226783568766018,2.172918391009869
5,2.2226783568766018,2.172918391009869
6,2.2226783568766018,2.172918391009869
7,2.2226783568766018,2.172918391009869
