generation,best_fitness,mean_fitness,std_best_fitness
1,1.2630945191089933,-0.021574677451424065,0.48029267432050243
2,1.6867798139731989,0.08811750531196785,0.651150837900283
