generation,combination_avg_best_fitness,combination_avg_mean_fitness,combination_std_best_fitness,combination_std_mean_fitness,combination_best_fitness
1,0.08729540459100515,-0.06111038024036264,0.12477348221579423,0.07002550096002734,0.2250804500293179
2,0.08729540459100515,-0.06111038024036264,0.12477348221579423,0.07002550096002734,0.2250804500293179
