generation,best_fitness,mean_fitness
1,0.02253157615563589,0.02253157615563589
2,0.02253157615563589,0.02253157615563589
