combination,combination_avg_best_fitness,combination_std_best_fitness,combination_best_fitness
1,0.08729540459100521,0.12477348221579423,0.22508045002931792
2,0.19079493856863505,0.13214446897079485,0.3529318544528623
3,0.16277513410631742,0.11929882820193548,0.3148692732165302
4,0.2792591506252853,0.10308527871210939,0.37399665397239673
5,0.5537375432976195,0.22440974149866416,0.8527502238772822
6,0.6077543773144494,0.4188421927849314,1.3025238833500967
