generation,best_fitness,mean_fitness
1,0.05470950481902176,-0.6761213509167313
2,0.05470950481902176,0.042322788253396394
