combination,combination_avg_best_fitness,combination_std_best_fitness,combination_best_fitness
1,1.2091937274750937,0.3592687787246705,1.7877966865187789
2,0.9227754253711783,0.3056998161506033,1.3895848993606947
