generation,best_fitness,mean_fitness
1,-0.07990558940848758,-0.07990558940848758
2,-0.033426445256101,-0.033426445256101
