generation,best_fitness,mean_fitness
1,0.1249700405030823,0.05492715851218785
