generation,best_fitness,mean_fitness
1,-0.13622552772847332,-0.13622552772847332
2,-0.11376989278485589,-0.11376989278485589
