generation,best_fitness,mean_fitness
1,0.27335153055439576,0.12170153133397425
2,1.5689688960846824,0.5668159374573205
3,1.5689688960846824,0.7132447579780632
4,1.5689688960846824,0.7735013427505998
5,1.5689688960846824,0.7735013427505998
6,1.5689688960846824,0.7735013427505998
7,1.5689688960846824,0.7735013427505998
