generation,best_fitness,mean_fitness
1,-0.006483905687306113,-0.006483905687306113
2,-0.006483905687306113,-0.006483905687306113
