generation,best_fitness,mean_fitness,std
1,0.6439896075379328,0.13709439613385893,0.2538767069257474
2,0.6439896075379328,0.16477171203755797,0.24034229816724303
