generation,best_fitness,mean_fitness
1,-0.40132335417942966,-0.40132335417942966
2,-0.14670253317299445,-0.14670253317299445
