generation,best_fitness,mean_fitness
1,0.14115079519282364,0.13025085690271343
