generation,combination_avg_best_fitness,combination_avg_mean_fitness,combination_std_best_fitness,combination_std_mean_fitness,combination_best_fitness
1,-0.05910612916931914,-0.05910612916931914,0.07912956260104531,0.07912956260104531,0.0370941696814655
2,-0.05910612916931914,-0.05910612916931914,0.07912956260104531,0.07912956260104531,0.0370941696814655
