generation,best_fitness,mean_fitness
1,-0.10663778650139791,-0.10663778650139791
2,0.35040628763916254,0.35040628763916254
3,0.35040628763916254,0.35040628763916254
