generation,best_fitness,mean_fitness
1,-0.11233116569800528,-0.11233116569800528
2,-0.11233116569800528,-0.11233116569800528
