generation,best_fitness,mean_fitness
1,0.9948720749671113,-0.06669763952451126
2,1.2272718501519444,0.07760539601833
