generation,best_fitness,mean_fitness
1,0.8527502238772822,-0.04974332426407125
2,1.1295380793634635,0.047619874667587665
