generation,best_fitness,mean_fitness
1,0.30963028653617275,-0.019716578888421654
2,0.30963028653617275,-0.019716578888421654
