generation,best_fitness,mean_fitness
1,0.5537375432976195,0.11786749993736811
2,0.9008552231137772,0.2707188304951599
