generation,best_fitness,mean_fitness
1,-0.08018343672744849,-0.08072936211644899
