generation,best_fitness,mean_fitness
1,0.12078743771144707,0.07033347351401947
