generation,best_fitness,mean_fitness
1,-0.07914081940015727,-0.07914081940015727
2,-0.07251225505441311,-0.07251225505441311
