generation,best_fitness,mean_fitness
1,0.0030219252579631872,-0.010963716039752824
