generation,best_fitness,mean_fitness
1,-0.08092240636219117,-0.12694190866682917
2,0.5882831482326663,0.25368037093523754
