generation,best_fitness,mean_fitness
1,0.13488581814638817,-0.027975452734795105
2,0.13488581814638817,-0.027975452734795105
