generation,best_fitness,mean_fitness
1,0.718220362639185,-0.19595249368932793
2,0.718220362639185,-0.19595249368932793
