generation,best_fitness,mean_fitness
1,0.10695499270150005,-0.23501674636685793
2,0.10695499270150005,-0.23501674636685793
