generation,best_fitness,mean_fitness
1,0.13138117759989043,-0.7527426138604028
2,0.13138117759989043,0.03673696325731498
