generation,best_fitness,mean_fitness
1,0.7114835206882906,0.015618660982327625
2,0.7114835206882906,0.3030206985363235
