generation,combination_avg_best_fitness,combination_avg_mean_fitness,combination_std_best_fitness,combination_std_mean_fitness,combination_best_fitness
1,0.2506518204599634,0.02798571334044872,0.24273495939614462,0.060755838720777056,0.7114835206882906
2,0.8073628077153465,0.3239160455949349,0.41884917853343057,0.16426557617857115,1.5689688960846824
3,0.8073628077153465,0.472118446822875,0.41884917853343057,0.2242988720268935,1.5689688960846824
4,0.8073628077153465,0.5113919901165664,0.41884917853343057,0.22640518825504646,1.5689688960846824
5,0.8073628077153465,0.5113919901165664,0.41884917853343057,0.22640518825504646,1.5689688960846824
6,0.8073628077153465,0.5113919901165664,0.41884917853343057,0.22640518825504646,1.5689688960846824
7,0.8073628077153465,0.5113919901165664,0.41884917853343057,0.22640518825504646,1.5689688960846824
