generation,best_fitness,mean_fitness
1,0.12602949575339195,0.068075449429529
2,0.4027515942435188,0.19975343582564506
3,0.4027515942435188,0.3012840274378938
4,0.4027515942435188,0.34125406476671927
5,0.4027515942435188,0.34125406476671927
6,0.4027515942435188,0.34125406476671927
7,0.4027515942435188,0.34125406476671927
