generation,best_fitness,mean_fitness
1,0.2733518052770474,0.12191162104758155
2,1.9049457433670032,0.8608770543427454
3,1.9049457433670032,1.4615414569883352
4,1.9049457433670032,1.7550905903260023
5,1.9049457433670032,1.7515638181063782
6,1.9049457433670032,1.7515638181063782
7,1.9049457433670032,1.7515638181063782
