generation,best_fitness,mean_fitness
1,-0.5383947275517971,-0.5383947275517971
2,-0.013928569427034243,-0.013928569427034243
