generation,best_fitness,mean_fitness
1,0.0768007041767893,0.0768007041767893
2,0.31923966935775816,0.31923966935775816
