generation,best_fitness,mean_fitness
1,0.29805024923836637,0.13873937672178058
