generation,best_fitness,mean_fitness
1,0.0035413072529893452,0.0035413072529893452
2,0.007813232958525707,0.007813232958525707
3,0.007813232958525707,0.007813232958525707
