generation,combination_avg_best_fitness,combination_avg_mean_fitness,combination_std_best_fitness,combination_std_mean_fitness,combination_best_fitness
1,0.5537375432976195,0.11791178677304599,0.2244097414986642,0.12736604235884577,0.8527502238772822
2,0.5537375432976195,0.11791178677304599,0.2244097414986642,0.12736604235884577,0.8527502238772822
