generation,best_fitness,mean_fitness
1,1.2630945191089933,-0.021574677451424065
2,1.714292672752358,0.1270126287797964
