generation,best_fitness,mean_fitness
1,0.2917407813957494,0.2917407813957494
2,-0.036179555280146936,-0.036179555280146936
