generation,best_fitness,mean_fitness
1,-0.08490017132524214,-0.08490017132524214
2,-0.18629261241862272,-0.18629261241862272
