generation,combination_avg_best_fitness,combination_avg_mean_fitness,combination_std_best_fitness,combination_std_mean_fitness,combination_best_fitness
1,0.25403126514317176,0.027690788222528122,0.25462871230084055,0.06261775654849025,0.7391744008595595
2,1.8309088414771952,0.7927523280055899,0.09523758062797871,0.05943498824202342,1.917593069382034
3,1.838254938485185,1.4815240878780132,0.08733903069554903,0.05639356375417501,1.917593069382034
4,1.838254938485185,1.780120288892503,0.08733903069554903,0.06272514135365026,1.917593069382034
5,1.838254938485185,1.6973883953062057,0.08733903069554903,0.2101988090055992,1.917593069382034
6,1.838254938485185,1.7814346753332029,0.08733903069554903,0.061552277608110655,1.917593069382034
7,1.838254938485185,1.6987027817469056,0.08733903069554903,0.21053016892993232,1.917593069382034
