generation,best_fitness,mean_fitness
1,-0.12605858133164044,-0.12605858133164044
2,-0.14392942075369008,-0.14392942075369008
