generation,best_fitness,mean_fitness
1,0.12602949575339195,0.068075449429529
2,0.21339884023879885,0.10853724655201853
