generation,combination_avg_best_fitness,combination_avg_mean_fitness,combination_std_best_fitness,combination_std_mean_fitness,combination_best_fitness
1,0.028220752543011818,0.028220752543011818,0.1497016605716443,0.1497016605716443,0.3187878310505792
2,0.03657661480171158,0.03657661480171158,0.1480231797653808,0.1480231797653808,0.3187878310505792
