generation,best_fitness,mean_fitness
1,0.04135114258879152,-0.01630309326243411
2,1.7707445958437393,0.6851789127955092
3,1.7707445958437393,1.384443301171434
4,1.7707445958437393,1.7400420585186365
5,1.7707445958437393,1.6172124774915944
6,1.7972816773016846,1.7758392780329384
7,1.7972816773016846,1.7778974177229787
