generation,best_fitness,mean_fitness
0,0.5537375432976195,0.11786749993736811
1,0.6185403246881239,0.19839661241234777
