generation,best_fitness,mean_fitness
1,1.2630945191089933,-0.021574677451424065
2,1.5392896205402642,0.028667196224966857
