generation,best_fitness,mean_fitness
1,0.7391744008595595,0.021578350599010386
2,1.720816754585756,0.833257034300412
3,1.7553977237606173,1.5295556597600428
4,1.7553977237606173,1.7220434093599688
5,1.7553977237606173,1.7477930066627017
6,1.7553977237606173,1.7286153415634693
7,1.7553977237606173,1.7543649388662022
