generation,best_fitness,mean_fitness
1,0.0012700490386546859,0.000703084307445534
