generation,best_fitness,mean_fitness
1,0.9948720749671113,-0.06669763952451126
2,1.1561033881561806,0.1190965111618158
