generation,best_fitness,mean_fitness
1,0.14134313492890238,-0.6629716849992207
2,0.14134313492890238,-0.658095274816305
