generation,best_fitness,mean_fitness
1,-0.10168690146822568,-0.10578745497956706
