generation,best_fitness,mean_fitness
1,1.3025238833500967,0.1561029567622882
2,1.3025238833500967,0.1561029567622882
