generation,best_fitness,mean_fitness
1,0.2750431628172677,-0.10562623157756361
2,0.2750431628172677,-0.10562623157756361
