generation,best_fitness,mean_fitness
1,-0.08127528750544949,-0.09285968892853816
