generation,best_fitness,mean_fitness
1,-0.08063495960078354,-0.08063495960078354
2,-0.18425816518840882,-0.18425816518840882
