generation,best_fitness,mean_fitness
1,-0.10457472372694665,-0.10565930400236287
