generation,best_fitness,mean_fitness
1,0.13488581814638817,0.13488581814638817
2,-0.2040361591952659,-0.2040361591952659
