combination,combination_avg_best_fitness,combination_std_best_fitness,combination_best_fitness
1,0.05408081293087139,0.1678396685610082,0.35040628763916254
2,0.21744164602565164,0.2844562536446185,0.7387761720966056
