generation,best_fitness,mean_fitness
1,-0.16622946881122458,-0.16622946881122458
2,-0.17297083780979589,-0.17297083780979589
