generation,best_fitness,mean_fitness
1,0.7716517472260646,0.22321808349860053
2,1.1164105222147889,0.34126835005117584
