generation,best_fitness,mean_fitness
1,-0.09575438588348878,-0.09575438588348878
2,-0.5221450597021714,-0.5221450597021714
