generation,combination_avg_best_fitness,combination_avg_mean_fitness,combination_std_best_fitness,combination_std_mean_fitness,combination_best_fitness
1,-0.10531774020027877,-0.10531774020027877,0.06698504574115584,0.06698504574115584,-0.0064839056873061
2,0.01629216546851398,0.01629216546851398,0.1730991522598503,0.1730991522598503,0.3484799333022652
