generation,best_fitness,mean_fitness
1,0.20768261372543267,-0.02550933692048942
2,0.20768261372543267,-0.02550933692048942
