generation,combination_avg_best_fitness,combination_avg_mean_fitness,combination_std_best_fitness,combination_std_mean_fitness,combination_best_fitness
1,-0.0454066719701672,-0.0454066719701672,0.06554104236981236,0.06554104236981236,0.0370941696814655
2,-0.0209863571377792,-0.0209863571377792,0.06219112627085503,0.06219112627085503,0.0443082508340679
