generation,best_fitness,mean_fitness
1,0.3362054825125383,0.18304944885467758
