generation,best_fitness,mean_fitness
1,0.9948720749671113,-0.06669763952451126
2,2.151909024503403,0.1390669111765918
