generation,combination_avg_best_fitness,combination_avg_mean_fitness,combination_std_best_fitness,combination_std_mean_fitness,combination_best_fitness
1,-0.11066417961886085,-0.11066417961886085,0.06579973374841758,0.06579973374841758,-0.0064839056873061
2,0.03996119439970179,0.03996119439970179,0.17546042428898417,0.17546042428898417,0.3504062876391625
3,0.054080812930871414,0.054080812930871414,0.1678396685610082,0.1678396685610082,0.3504062876391625
