generation,best_fitness,mean_fitness
1,0.13138117759989232,-0.7482191576073662
2,3.8884484837858824,1.189192485834023
3,3.8884484837858824,2.0099027038948636
4,3.8884484837858824,2.4943491058069442
5,3.8884484837858824,2.496433184691297
6,3.8884484837858824,2.4943491058069442
7,3.8884484837858824,2.496433184691297
