generation,combination_avg_best_fitness,combination_avg_mean_fitness,combination_std_best_fitness,combination_std_mean_fitness,combination_best_fitness
1,0.006996336638036676,0.006996336638036676,0.1767295041514893,0.1767295041514893,0.3484799333022652
2,0.015180690667722055,0.015180690667722055,0.17692611076778791,0.17692611076778791,0.3484799333022652
