generation,best_fitness,mean_fitness
1,-0.10570639954247552,-0.10570639954247552
2,-0.008226810265164641,-0.008226810265164641
