generation,best_fitness,mean_fitness
0,0.5879612213416382,-0.12931539201302353
1,0.5879612213416382,-0.3065502772084221
