generation,best_fitness,mean_fitness
1,1.1471048459185706,-0.0417444743075773
2,1.4039300978282356,0.20373003783270272
