generation,best_fitness,mean_fitness
1,-0.4080849083438236,-0.4080849083438236
2,-0.441328562693247,-0.441328562693247
