generation,best_fitness,mean_fitness
1,0.041351171479174054,-0.016303087484358224
2,0.2219977309667494,0.046724420556999414
