generation,combination_avg_best_fitness,combination_avg_mean_fitness,combination_std_best_fitness,combination_std_mean_fitness,combination_best_fitness
1,0.2506518204599634,0.02798571334044872,0.24273495939614462,0.060755838720777056,0.7114835206882906
2,0.3085965679697205,0.14115886938883324,0.20720066100131357,0.09070192768425829,0.7114835206882906
