generation,best_fitness,mean_fitness
0,0.5537375432976195,0.11786749993736811
1,0.9008552231137772,0.2097290018512621
