generation,best_fitness,mean_fitness
1,0.3487500523000789,0.26482296241985764
