generation,best_fitness,mean_fitness
1,0.220476915001944,0.12392755444274824
2,0.220476915001944,0.13753616493896909
