generation,best_fitness,mean_fitness
0,0.23567354130115536,0.012878647066792315
1,0.23567354130115536,0.07856643144603634
