generation,best_fitness,mean_fitness
1,-0.10663778650139791,-0.10663778650139791
2,-0.05682800526180565,-0.05682800526180565
