generation,best_fitness,mean_fitness
1,0.11935091861260322,0.09501024244084474
