generation,best_fitness,mean_fitness
1,2.200727235966663,-0.016920475914717438
2,2.9090726494973853,0.16286565708547504
