generation,best_fitness,mean_fitness
1,0.718220362639185,0.718220362639185
2,-0.3077013613989867,-0.3077013613989867
