generation,best_fitness,mean_fitness
1,-0.18386992589885304,-0.18386992589885304
2,-0.08092240636219117,-0.08092240636219117
3,-0.010324313706343069,-0.010324313706343069
