generation,best_fitness,mean_fitness
1,-0.07592941063458286,-0.07592941063458286
2,-0.07592941063458286,-0.07592941063458286
