generation,best_fitness,mean_fitness
1,0.46607788128222544,0.42553245751363306
