generation,best_fitness,mean_fitness
1,0.6542466937451292,-0.13728582137391537
2,0.6542466937451292,-0.13728582137391537
