generation,best_fitness,mean_fitness
1,0.2913266969588283,-0.03546903069742756
2,0.2913266969588283,-0.03546903069742756
