generation,best_fitness,mean_fitness
1,0.10984155202113749,0.09478023091084542
