generation,best_fitness,mean_fitness
1,0.10104338382456507,-0.04916398755922906
2,0.12275121740036815,0.07713415609888685
