generation,best_fitness,mean_fitness
1,0.27335153055439576,0.12170153133397425
2,0.27335153055439576,0.170377825199938
