generation,combination_avg_best_fitness,combination_avg_mean_fitness,combination_std_best_fitness,combination_std_mean_fitness,combination_best_fitness
1,-0.09561032196901352,-0.09561032196901352,0.05715392260273436,0.05715392260273436,-0.0064839056873061
2,0.014883185668791377,0.014883185668791377,0.15531085786205118,0.15531085786205118,0.3187878310505792
