generation,best_fitness,mean_fitness
1,0.09024948123705573,-0.05674227795132632
2,1.899391517802528,0.7846242608558597
3,1.899391517802528,1.5135848296930239
4,1.899391517802528,1.8190836468190335
5,1.899391517802528,1.7950634719794465
6,1.899391517802528,1.8190836468190335
7,1.899391517802528,1.7950634719794465
