generation,best_fitness,mean_fitness,std_best_fitness
1,1.2630945191089933,-0.021574677451424065,0.48029267432050243
2,1.3923704745542531,0.13156050799480415,0.40816906043230855
