generation,best_fitness,mean_fitness,std_best_fitness
1,1.2630945191089933,-0.021574677451424065,0.48029267432050243
2,1.396436178299274,0.12738213540312726,0.41408848095312
