generation,best_fitness,mean_fitness
1,0.09024948123705573,-0.05674227795132632
2,1.8252684176918164,0.5581547298836109
3,1.8252684176918164,1.0750241175411248
4,1.8252684176918164,1.6049061164642162
5,1.8252684176918164,1.7796273506348232
6,1.8252684176918164,1.6049061164642162
7,1.8252684176918164,1.7796273506348232
