generation,best_fitness,mean_fitness
1,0.36531042896464877,-0.016849417724377258
2,0.36531042896464877,-0.016849417724377258
