combination,combination_fitness
1,0.9008552231137772
2,0.9008552231137772
3,0.6185403246881239
4,0.6062040737159176
