combination,combination_avg_best_fitness,combination_std_best_fitness,combination_best_fitness
1,2.4441743509017693,0.2882522125087313,2.9188478342923543
2,3.3115130376669826,0.7205654462804815,4.28657103291419
