generation,best_fitness,mean_fitness
1,1.2630945191089933,-0.021574677451424065
2,1.622046780235609,0.07930970153175225
