combination,combination_avg_best_fitness,combination_std_best_fitness,combination_best_fitness
1,0.3353327766267702,0.0487929860815814,0.3808936022590304
2,0.8813804596914764,0.3385381962965287,1.332346177707977
3,0.7735782238699255,0.34870842305826877,1.0849622833416477
4,0.6877429674717852,0.12274879119134627,0.8115577460901634
5,1.3574947750999464,0.4459795906978029,2.200727235966663
6,1.6491836135474387,0.6670765997071626,2.9347386296033577
