generation,best_fitness,mean_fitness
1,0.3312968524530232,0.15046353437880358
2,0.3312968524530232,0.15046353437880358
