generation,best_fitness,mean_fitness
1,0.1457564265963207,-0.6579119665609564
2,2.211442041633037,0.6480154655481474
3,2.211442041633037,1.4622662139134435
4,2.211442041633037,1.3359557116166516
5,2.211442041633037,1.5625339302077077
6,2.211442041633037,1.3359557116166516
7,2.211442041633037,1.5625339302077077
