generation,best_fitness,mean_fitness
1,0.9963155158501957,0.8204820709168232
