generation,best_fitness,mean_fitness
1,0.13138117759989043,-0.7527426138604028
2,0.81351279236307,0.2816245556866067
3,0.81351279236307,0.50457475256177
4,0.81351279236307,0.5834971698981846
5,0.81351279236307,0.5834971698981846
6,0.81351279236307,0.5834971698981846
7,0.81351279236307,0.5834971698981846
