generation,combination_avg_best_fitness,combination_avg_mean_fitness,combination_std_best_fitness,combination_std_mean_fitness,combination_best_fitness
1,0.2792591506252853,0.03757610866361542,0.10308527871210937,0.1094155693728662,0.3739966539723967
2,0.2792591506252853,0.03757610866361542,0.10308527871210937,0.1094155693728662,0.3739966539723967
