combination,combination_avg_best_fitness,combination_std_best_fitness,combination_best_fitness
1,0.06601435255755833,0.07154300786784976,0.17486810952806636
2,0.06601435255755833,0.07154300786784976,0.17486810952806636
3,0.06601435255755833,0.07154300786784976,0.17486810952806636
4,0.06601435255755833,0.07154300786784976,0.17486810952806636
