generation,best_fitness,mean_fitness
1,0.27669880668235425,0.030825608165368962
2,0.4951318482907519,0.14181715189793792
