generation,best_fitness,mean_fitness
1,0.12602949575340483,0.06800934067980925
2,1.908398464954252,0.7875099062560624
3,1.908398464954252,1.4912093960021298
4,1.908398464954252,1.8450181011639863
5,1.908398464954252,1.8363250143664835
6,1.908398464954252,1.8450181011639863
7,1.908398464954252,1.8363250143664835
