combination,combination_avg_best_fitness,combination_std_best_fitness,combination_best_fitness
1,0.016292165468513947,0.1730991522598503,0.3484799333022652
2,0.015180690667722024,0.17692611076778791,0.3484799333022652
3,0.014883185668791354,0.1553108578620512,0.31878783105057923
4,0.03657661480171158,0.14802317976538082,0.31878783105057923
5,-0.05910612916931914,0.07912956260104535,0.037094169681465505
6,-0.0209863571377792,0.062191126270855095,0.044308250834067975
7,-0.029393687605329823,0.059848467429340496,0.051727888610814676
8,-0.004454757899075512,0.053308206815710184,0.051727888610814676
