generation,best_fitness,mean_fitness
1,0.00013611957623638204,-0.0003145015757899383
