generation,combination_avg_best_fitness,combination_avg_mean_fitness,combination_std_best_fitness,combination_std_mean_fitness,combination_best_fitness
1,0.190794938568635,-0.05667731428021307,0.13214446897079485,0.036971059017120764,0.3529318544528623
2,0.190794938568635,-0.05667731428021307,0.13214446897079485,0.036971059017120764,0.3529318544528623
