generation,best_fitness,mean_fitness
1,0.00828581799141681,0.00828581799141681
2,-0.14870417335044972,-0.14870417335044972
