generation,best_fitness,mean_fitness
1,-0.08351249721417697,-0.08351249721417697
2,0.7387761720966056,0.7387761720966056
3,0.7387761720966056,0.7387761720966056
