generation,best_fitness,mean_fitness
1,0.31878783105057923,0.31878783105057923
2,0.31878783105057923,0.31878783105057923
