generation,best_fitness,mean_fitness
1,0.010904996707730985,-0.17401165546064798
2,0.010904996707730985,-0.17401165546064798
