generation,combination_avg_best_fitness,combination_avg_mean_fitness,combination_std_best_fitness,combination_std_mean_fitness,combination_best_fitness
1,-0.1728485929687005,-0.1728485929687005,0.2705275161931594,0.2705275161931594,0.0898197109469975
2,-0.26703665345161504,-0.26703665345161504,0.13395769565789048,0.13395769565789048,-0.1729708378097958
