generation,best_fitness,mean_fitness
1,0.12827122293203264,0.12827122293203264
2,-0.06671855645444941,-0.06671855645444941
