generation,best_fitness,mean_fitness
1,0.13138117759989232,-0.7482191576073662
2,2.628153437591372,0.9422914519396797
3,2.628153437591372,1.7278970747581162
4,2.628153437591372,2.1125922937160126
5,2.628153437591372,2.1003697485274495
6,2.628153437591372,2.124814838904576
7,2.628153437591372,2.1003697485274495
