generation,best_fitness,mean_fitness
1,-0.08963805255532048,-0.08963805255532048
2,-0.18286878688263725,-0.18286878688263725
