generation,best_fitness,mean_fitness
0,0.5022765097377472,0.03927792818665421
1,0.5022765097377472,0.08674025324049199
