generation,best_fitness,mean_fitness,std_best_fitness
1,1.2630945191089933,-0.021574677451424065,0.48029267432050243
2,1.622046780235609,0.10468909571899276,0.4048846174493611
