generation,best_fitness,mean_fitness
1,0.3487500523000789,0.15737878872364375
