generation,best_fitness,mean_fitness
1,0.12879347748668707,0.12879347748668707
2,-0.08163441961715773,-0.08163441961715773
