generation,best_fitness,mean_fitness
1,0.31923966935775816,-0.04482476606331626
2,0.31923966935775816,-0.04482476606331626
