generation,best_fitness,mean_fitness
1,0.14134313492890238,-0.6629716849992207
2,0.6253196314320261,0.2551466303443503
3,0.6253196314320261,0.47908956875226716
4,0.6253196314320261,0.6253196314320261
5,0.6253196314320261,0.6253196314320261
6,0.6253196314320261,0.6253196314320261
7,0.6253196314320261,0.6253196314320261
