generation,best_fitness,mean_fitness
1,-0.12408565524566545,-0.12408565524566545
2,-0.23893868338783564,-0.23893868338783564
