combination,combination_fitness
1,1.622046780235609
2,1.714292672752358
3,1.622046780235609
4,1.714292672752358
5,1.5392896205402642
6,1.6867798139731989
7,1.5392896205402642
8,1.6867798139731989
9,1.6191197697081043
10,1.3923704745542531
11,1.6191197697081043
12,1.3923704745542531
13,1.4287715758231658
14,1.396436178299274
15,1.4287715758231658
16,1.396436178299274
