generation,best_fitness,mean_fitness
1,0.14320558233847264,0.11656491472745947
