generation,best_fitness,mean_fitness
1,-0.1160994384674125,-0.1678558945033265
2,-0.1160994384674125,-0.1678558945033265
