generation,best_fitness,mean_fitness
1,-0.10988800849090843,-0.11097236621030683
