generation,best_fitness,mean_fitness
1,1.2630945191089933,-0.021574677451424065
2,1.396436178299274,0.10239341047098008
