generation,best_fitness,mean_fitness
1,0.7716517472260646,0.7716517472260646
2,-0.0028801136624175827,-0.0028801136624175827
