generation,best_fitness,mean_fitness
1,-0.0051245692409729315,-0.0051245692409729315
2,0.03579720090745403,0.03579720090745403
