generation,best_fitness,mean_fitness
1,0.14134313492889633,-0.6635933661014652
2,2.094780465755006,0.8854939867107523
3,2.1052701611868074,1.701604844858661
4,2.3753818455442857,2.2112168958434384
5,2.3753818455442857,2.237252661484495
6,2.3753818455442857,2.236042107163024
7,2.9188478342923543,2.5507148174493657
