generation,best_fitness,mean_fitness
1,0.21513312019094155,0.030164567943342768
2,0.21513312019094155,0.05480503848916599
