combination,combination_fitness
1,6.242978210666605
2,5.503213131048932
3,5.247398234570474
4,5.188972898540206
