generation,best_fitness,mean_fitness
1,0.06551968842314332,0.06551968842314332
2,0.3695240305908614,0.3695240305908614
