generation,best_fitness,mean_fitness
1,0.2733518052770474,0.12191162104758155
2,1.917593069382034,0.8673903114691797
3,1.917593069382034,1.5016061597454256
4,1.917593069382034,1.826225690322436
5,1.917593069382034,1.826225690322436
6,1.917593069382034,1.826225690322436
7,1.917593069382034,1.826225690322436
