generation,best_fitness,mean_fitness
1,0.36531042896464877,-0.017070851902766627
2,0.36531042896464877,-0.0063638983894492625
