generation,combination_avg_best_fitness,combination_avg_mean_fitness,combination_std_best_fitness,combination_std_mean_fitness,combination_best_fitness
1,-0.01633251953101698,-0.01633251953101698,0.03650797599805958,0.03650797599805958,0.0195074234271326
2,0.21545101562759977,0.21545101562759977,0.28590691654838296,0.28590691654838296,0.7387761720966056
3,0.21744164602565158,0.21744164602565158,0.2844562536446185,0.2844562536446185,0.7387761720966056
