generation,best_fitness,mean_fitness
1,0.9948720749671113,-0.06669763952451126
2,1.6871962332870316,0.13746209475041646
