generation,combination_avg_best_fitness,combination_avg_mean_fitness,combination_std_best_fitness,combination_std_mean_fitness,combination_best_fitness
1,0.027514626959222733,0.027514626959222733,0.41644443756448885,0.41644443756448885,0.718220362639185
2,-0.4032592437877077,-0.4032592437877077,0.17439791974201857,0.17439791974201857,-0.1467025331729944
