generation,best_fitness,mean_fitness
1,0.3200426914957771,0.13932975360997454
