combination,combination_avg_best_fitness,combination_std_best_fitness,combination_best_fitness
1,1.4538598140981027,0.3043728318651258,2.014275674347147
2,3.9958378943655566,0.11880614035844354,4.174075982329619
3,3.992103355932474,0.17810804117799936,4.239861556435007
4,3.3703704628385696,0.34432506672803564,3.8468304970955836
5,7.854926983559989,1.361521579718358,8.784055404658227
6,5.399178509300593,0.31091085423733267,5.81409823344835
