generation,combination_avg_best_fitness,combination_avg_mean_fitness,combination_std_best_fitness,combination_std_mean_fitness,combination_best_fitness
1,0.17081815486359725,-0.38339617498870004,0.03868320258208369,0.377982626908781,0.2204769150019437
2,2.2265335098509946,0.9123034769057886,0.20295352179125392,0.02161700910862389,2.628153437591372
3,2.239660931617765,1.7136681533087004,0.1994835875415788,0.04237915919330888,2.628153437591372
4,2.3354811531521555,2.1368469419014295,0.16479874201881425,0.058250337411303206,2.628153437591372
5,2.3354811531521555,2.1520843388432898,0.16479874201881425,0.05263564084241027,2.628153437591372
6,2.3354811531521555,2.154928005445143,0.16479874201881425,0.054043937933605915,2.628153437591372
7,2.4441743509017693,2.2121878232008223,0.28825221250873134,0.17270522546460995,2.9188478342923543
