combination,combination_avg_best_fitness,combination_std_best_fitness,combination_best_fitness
1,-0.029041510474161935,0.09292491008506953,0.13488581814638817
2,-0.027491985900023774,0.06881395773732021,0.07129149855020506
3,-0.07138622605918797,0.10129782666727805,0.08981971094699753
4,0.12082022955192295,0.1711525323753563,0.31923966935775816
5,0.24988756870563789,0.29443729957324544,0.7716517472260646
6,0.07843879116050978,0.37432956073798884,0.718220362639185
