generation,best_fitness,mean_fitness
1,-0.006220636016494863,-0.006220636016494863
2,-0.2823947694668231,-0.2823947694668231
