generation,best_fitness,mean_fitness
1,-0.10187150157005007,-0.10187150157005007
2,-0.0832478739264847,-0.0832478739264847
