generation,best_fitness,mean_fitness
1,0.27669880668235425,0.030825608165368962
2,0.33838006154338596,0.031242349443668105
