generation,combination_avg_best_fitness,combination_avg_mean_fitness,combination_std_best_fitness,combination_std_mean_fitness,combination_best_fitness
1,0.5537375432976195,0.11786749993736811,0.2244097414986642,0.1274129227593858,0.8527502238772822
2,0.6663759066170438,0.2233366966375315,0.2771858953023052,0.13292597189900324,1.1164105222147889
