combination,combination_avg_best_fitness,combination_std_best_fitness,combination_best_fitness
1,0.1797354907651834,0.18746338767306384,0.46607788128222544
2,0.2501405076191543,0.2965182398950201,0.7926973692608033
3,0.27078665098852783,0.2609135720287111,0.6829088860486674
4,0.23444207824855795,0.2594932409768029,0.6829088860486674
5,0.20752865429036743,0.2056047497365625,0.5046128142088204
6,0.30535896928516937,0.37130478747267803,0.9963155158501957
7,0.12331308230385471,0.16479627949648382,0.36150310416860815
8,0.1414836585443146,0.18005526999388874,0.36150310416860815
