generation,combination_avg_best_fitness,combination_avg_mean_fitness,combination_std_best_fitness,combination_std_mean_fitness,combination_best_fitness
1,-0.059292154736237224,-0.059292154736237224,0.048345487299489495,0.048345487299489495,-0.00149896203254
2,-0.0293936876053298,-0.0293936876053298,0.05984846742934046,0.05984846742934046,0.0517278886108146
