generation,best_fitness,mean_fitness
1,-0.05682800526180565,-0.05682800526180565
2,-0.051066417830486266,-0.051066417830486266
