generation,best_fitness,mean_fitness
1,0.07544412013729074,-0.037572470934344813
2,0.07544412013729074,-0.037572470934344813
