generation,best_fitness,mean_fitness
1,0.14002325065961374,0.14002325065961374
2,-0.44547981798472586,-0.44547981798472586
