generation,best_fitness,mean_fitness
1,0.6829088860486674,0.5166575868439149
