generation,best_fitness,mean_fitness
1,1.1471048459185706,-0.0417444743075773
2,1.1942829573507459,0.151797560106663
