generation,best_fitness,mean_fitness
1,-0.685858185079292,-0.685858185079292
2,-0.17854635053172918,-0.17854635053172918
