generation,combination_avg_best_fitness,combination_avg_mean_fitness,combination_std_best_fitness,combination_std_mean_fitness,combination_best_fitness
1,0.12321233565868313,0.12321233565868313,0.4408709324239311,0.4408709324239311,0.7716517472260646
2,-0.10900131330551996,-0.10900131330551996,0.1701508130995824,0.1701508130995824,-0.0023892407221766
