generation,best_fitness,mean_fitness
1,0.22047691500194377,0.12441314977603471
2,3.60151683862597,1.4229406578539103
3,3.60151683862597,2.319763890593048
4,4.28657103291419,3.510156692555076
5,4.28657103291419,3.2419996931964077
6,4.28657103291419,3.270553138640138
7,4.28657103291419,3.2419996931964077
