generation,best_fitness,mean_fitness
1,-0.0014989620325400188,-0.0014989620325400188
2,-0.0014989620325400188,-0.0014989620325400188
