generation,best_fitness,mean_fitness
1,-0.6730698795753659,-0.6730698795753659
2,-0.11917238322125562,-0.11917238322125562
