generation,best_fitness,mean_fitness
1,-0.17361603096524503,-0.17361603096524503
2,-0.17361603096524503,-0.17361603096524503
