generation,best_fitness,mean_fitness
1,0.7926973692608033,0.6293876252715144
