generation,best_fitness,mean_fitness
1,0.7716517472260646,-0.07189752314287975
2,0.9515971746913822,0.12010064818235283
