generation,best_fitness,mean_fitness
1,0.08981971094699753,0.0053380824119407255
2,0.08981971094699753,0.0053380824119407255
