generation,best_fitness,mean_fitness
0,0.8527502238772822,0.3130867317389835
1,0.8527502238772822,0.4379195374861292
