generation,best_fitness,mean_fitness
1,1.1200182148153395,0.06723252675375692
2,1.9782257893120658,0.06124528762079875
