generation,best_fitness,mean_fitness
0,0.7716517472260646,0.22321808349860053
1,1.0339843993175555,0.49461081010051033
