generation,best_fitness,mean_fitness
1,0.03367755067818179,-1.7423632252026857
