combination,combination_avg_best_fitness,combination_std_best_fitness,combination_best_fitness
1,1.0966690365536809,0.4976447313652784,1.8978854252306356
2,0.8073628077153465,0.41884917853343057,1.5689688960846824
