combination,combination_avg_best_fitness,combination_std_best_fitness,combination_best_fitness
1,0.15260877050814,0.06111819828568284,0.220476915001944
2,0.30859656796972057,0.20720066100131354,0.7114835206882906
