generation,best_fitness,mean_fitness
1,0.6829088860486674,0.5260841755368493
