combination,combination_avg_best_fitness,combination_std_best_fitness,combination_best_fitness
1,4.754571338275276,0.9194384105284016,6.068850749740286
2,5.37478972070299,2.031340819025046,9.057443694363885
3,5.006144407209181,0.6075892451684357,5.608080515516213
4,5.457148767152387,1.0702416905377254,6.275293429880833
5,5.1298379171066015,0.7147646790912303,5.707265152957656
6,4.956263951924317,0.6990909011063795,5.971204426213348
7,5.656673786754061,0.6001732017215954,6.342783250008642
8,6.02597858990493,0.23762117123202037,6.325274229148104
