generation,best_fitness,mean_fitness
1,0.7114835206882906,0.015618660982327625
2,0.9169298624534735,0.4738398448106276
3,0.9169298624534735,0.7525727890413272
4,0.9169298624534735,0.7525727890413272
5,0.9169298624534735,0.7525727890413272
6,0.9169298624534735,0.7525727890413272
7,0.9169298624534735,0.7525727890413272
