generation,best_fitness,mean_fitness
1,0.05470950481902176,-0.6761213509167313
2,1.4559786802151817,0.500873965192735
3,1.4559786802151817,1.0673504350077132
4,1.4559786802151817,1.4559786802151817
5,1.4559786802151817,1.4559786802151817
6,1.4559786802151817,1.4559786802151817
7,1.4559786802151817,1.4559786802151817
