combination,combination_avg_best_fitness,combination_std_best_fitness,combination_best_fitness
1,1.8382549384851852,0.08733903069554906,1.917593069382034
2,1.869941534728889,0.051214602231339404,1.9358569547698536
