generation,best_fitness,mean_fitness
1,0.12602949575340483,0.06800934067980925
2,1.9358569547698536,0.7991560284584587
3,1.9358569547698536,1.4952652584365669
4,1.9358569547698536,1.8268866081060822
5,1.9358569547698536,1.824858891560756
6,1.9358569547698536,1.8268866081060822
7,1.9358569547698536,1.824858891560756
