generation,best_fitness,mean_fitness
1,-0.006465863179501985,-0.09536476365991779
