generation,combination_avg_best_fitness,combination_avg_mean_fitness,combination_std_best_fitness,combination_std_mean_fitness,combination_best_fitness
1,0.1313811775998923,-0.7482191576073662,0.0,0.0,0.1313811775998923
2,2.628153437591372,0.9422914519396796,0.0,0.0,2.628153437591372
3,2.628153437591372,1.7278970747581162,0.0,0.0,2.628153437591372
4,2.628153437591372,2.1125922937160126,0.0,0.0,2.628153437591372
5,2.628153437591372,2.100369748527449,0.0,0.0,2.628153437591372
6,2.628153437591372,2.124814838904576,0.0,0.0,2.628153437591372
7,2.628153437591372,2.100369748527449,0.0,0.0,2.628153437591372
