generation,best_fitness,mean_fitness
1,0.08981971094699753,0.08981971094699753
2,-0.17912624974755587,-0.17912624974755587
