generation,best_fitness,mean_fitness
1,-0.009091944594284918,-0.009091944594284918
2,-0.3342368387503792,-0.3342368387503792
