generation,best_fitness,mean_fitness
1,-0.10513058112292784,-0.10513058112292784
2,-0.10513058112292784,-0.10513058112292784
