generation,best_fitness,mean_fitness
1,1.2630945191089933,-0.021574677451424065
2,1.4287715758231658,0.11113892056649358
