generation,best_fitness,mean_fitness
0,1.0057686743552867,0.07467322472342616
1,1.0057686743552867,0.2901083522923406
