generation,combination_avg_best_fitness,combination_avg_mean_fitness,combination_std_best_fitness,combination_std_mean_fitness,combination_best_fitness
1,0.15260877050813998,-0.38754870547805276,0.061118198285682844,0.38173051314202255,0.220476915001944
2,0.15260877050813998,-0.07733886397549178,0.061118198285682844,0.2926579925835887,0.220476915001944
