generation,best_fitness,mean_fitness
1,0.22508045002931792,0.01789435316685204
2,0.22508045002931792,0.01789435316685204
