generation,best_fitness,mean_fitness
1,-0.0092415762634806,-0.0092415762634806
2,-0.0092415762634806,-0.0092415762634806
