generation,best_fitness,mean_fitness
1,0.9948720749671113,-0.06669763952451126
2,1.4027002280199286,0.1195787425214952
