generation,best_fitness,mean_fitness
1,0.32698112236993276,0.27242495856456417
