generation,best_fitness,mean_fitness
1,0.009527415654493276,-0.11751513168332672
2,0.009527415654493276,-0.11751513168332672
