generation,best_fitness,mean_fitness
1,0.36531042896464877,0.36531042896464877
2,-0.44417422309881394,-0.44417422309881394
