generation,best_fitness,mean_fitness
1,1.1200182148153395,0.06723252675375692
2,1.5012151310254858,0.10071916775847982
