generation,best_fitness,mean_fitness
1,0.17486810952806636,0.07867744875336252
