generation,best_fitness,mean_fitness
1,-0.08082722267550363,-0.08214730064517761
