generation,best_fitness,mean_fitness
1,0.3148692732165302,-0.018009498701988102
2,0.3148692732165302,-0.018009498701988102
