generation,best_fitness,mean_fitness
1,1.2630945191089933,-0.021574677451424065
2,1.6191197697081043,0.08452013747724706
