generation,best_fitness,mean_fitness
1,-0.14932727206246424,-0.14932727206246424
2,-0.14932727206246424,-0.14932727206246424
