generation,best_fitness,mean_fitness
1,0.003644963880291452,0.003644963880291452
2,0.003644963880291452,0.003644963880291452
3,0.013598115870550653,0.013598115870550653
