combination,combination_avg_best_fitness,combination_std_best_fitness,combination_best_fitness
1,3.3115130376669826,0.7205654462804814,4.28657103291419
2,1.869941534728889,0.0512146022313394,1.9358569547698536
