generation,best_fitness,mean_fitness
1,0.14134313492889633,-0.6635933661014652
2,2.1655516116751876,0.8852303667575858
3,2.1655516116751876,1.6601924217698483
4,3.0753767432465584,2.464220280972737
5,3.0753767432465584,2.475884127968686
6,3.0753767432465584,2.46262265915335
7,3.0753767432465584,2.475884127968686
