generation,best_fitness,mean_fitness
1,0.37399665397239673,0.1335968173873297
2,0.37399665397239673,0.1335968173873297
