generation,best_fitness,mean_fitness
1,0.009527415654493276,0.009527415654493276
2,-0.10925385526534076,-0.10925385526534076
