generation,best_fitness,mean_fitness
1,-0.18386992589885304,-0.18386992589885304
2,0.3484799333022652,0.3484799333022652
