generation,best_fitness,mean_fitness
1,0.04145641390297111,0.04145641390297111
2,0.04145641390297111,0.04145641390297111
