generation,best_fitness,mean_fitness
1,0.9948720749671113,-0.06669763952451126
2,1.4272116475197747,0.16372543676693077
