generation,best_fitness,mean_fitness
1,0.7716517472260646,0.22321808349860053
2,2.304441130551326,0.6325117947889302
