generation,best_fitness,mean_fitness
1,0.8527502238772822,-0.04974332426407125
2,1.1585789067782417,0.14993209703333968
