generation,best_fitness,mean_fitness
1,0.10104338382456507,-0.04916398755922906
2,0.49479077371060476,0.22067129412659262
3,0.49479077371060476,0.40642104452184735
4,0.49479077371060476,0.4947907737106048
5,0.49479077371060476,0.4947907737106048
6,0.49479077371060476,0.4947907737106048
7,0.49479077371060476,0.4947907737106048
