generation,combination_avg_best_fitness,combination_avg_mean_fitness,combination_std_best_fitness,combination_std_mean_fitness,combination_best_fitness
1,0.6077543773144494,-0.08485097123513674,0.4188421927849314,0.12392878459041955,1.3025238833500967
2,0.6077543773144494,-0.08485097123513674,0.4188421927849314,0.12392878459041955,1.3025238833500967
