generation,best_fitness,mean_fitness
1,0.14694540150614188,0.13314816005937255
