generation,best_fitness,mean_fitness
1,0.9948720749671113,-0.06669763952451126
2,1.2408521521405576,-0.06920348422407374
