generation,best_fitness,mean_fitness
1,0.7716517472260646,0.22321808349860053
2,1.0339843993175555,0.6697865123308796
