generation,best_fitness,mean_fitness
1,-0.17718846060659005,-0.17718846060659005
2,-0.10988800849090843,-0.10988800849090843
3,-0.10988800849090843,-0.10988800849090843
