generation,best_fitness,mean_fitness
1,0.2917407813957494,0.08180117246794708
2,0.2917407813957494,0.08180117246794708
