generation,best_fitness,mean_fitness
1,0.8527502238772822,0.3130867317389835
2,0.8527502238772822,0.4019459924753135
