combination,combination_avg_best_fitness,combination_std_best_fitness,combination_best_fitness
1,0.6663759066170438,0.27718589530230514,1.1164105222147889
2,0.6663759066170438,0.27718589530230514,1.1164105222147889
3,0.5537375432976195,0.22440974149866416,0.8527502238772822
4,0.5537375432976195,0.22440974149866416,0.8527502238772822
