generation,best_fitness,mean_fitness
1,0.1457564265963207,-0.6579119665609564
2,2.1492086995726947,0.8915940517684255
3,2.1492086995726947,1.675833611887753
4,2.1492086995726947,2.039757716309758
5,2.1492086995726947,2.093184566045814
6,2.1492086995726947,2.073454261361473
7,2.1492086995726947,2.0802398318686066
