generation,best_fitness,mean_fitness
1,0.8527502238772822,-0.04974332426407125
2,1.0632427750728506,0.045831200442125526
