generation,best_fitness,mean_fitness
1,0.22047691500194377,0.12441314977603471
2,2.092994002861349,0.9293121496931456
3,2.092994002861349,1.674212167611234
4,2.3019834261758243,2.14774941262807
5,2.3019834261758243,2.156696327148823
6,2.3019834261758243,2.1674104287867726
7,2.3019834261758243,2.156696327148823
