combination,combination_avg_best_fitness,combination_std_best_fitness,combination_best_fitness
1,6.2358303001642055,0.8182891366478753,7.565849429558109
2,6.709305453841853,1.2828260680036483,8.54050890684682
3,6.337640923243157,0.6375000970015278,7.431489653503277
4,6.562495370212798,1.1212576246726318,7.5528341615236885
5,5.8127479249909735,1.0675659032789018,7.3881041318012315
6,6.408618935950313,1.1290878706438836,8.639875038477399
7,6.929509494129816,0.8406903141719374,8.190036063273217
8,7.854926983559989,1.361521579718358,8.784055404658227
