generation,best_fitness,mean_fitness
1,0.7391744008595595,0.021578350599010386
2,1.7406745776394728,0.841916522536547
3,1.8224242305985663,1.5650257507313572
4,1.8863548805140873,1.8316465599729557
5,1.8863548805140873,1.865930725910769
6,1.8863548805140873,1.8603026549622979
7,1.8863548805140873,1.874897843583766
