generation,best_fitness,mean_fitness
1,0.5022765097377472,0.03927792818665421
2,0.7050755254932749,0.2687970968010766
