generation,combination_avg_best_fitness,combination_avg_mean_fitness,combination_std_best_fitness,combination_std_mean_fitness,combination_best_fitness
1,-0.029041510474161942,-0.029041510474161942,0.09292491008506949,0.09292491008506949,0.1348858181463881
2,-0.18455589509109474,-0.18455589509109474,0.042451078630787537,0.042451078630787537,-0.1092538552653407
