generation,best_fitness,mean_fitness
1,0.0887377840205682,0.0887377840205682
2,-0.6750839436885847,-0.6750839436885847
