generation,best_fitness,mean_fitness
1,-0.08086112830743364,-0.08086112830743364
2,-0.01563919938934316,-0.01563919938934316
