generation,combination_avg_best_fitness,combination_avg_mean_fitness,combination_std_best_fitness,combination_std_mean_fitness,combination_best_fitness
1,-0.15776740302630798,-0.15776740302630798,0.26568035359007436,0.26568035359007436,0.071291498550205
2,-0.12313954237472173,-0.12313954237472173,0.06094231340370338,0.06094231340370338,-0.0082268102651646
