generation,best_fitness,mean_fitness
1,0.037094169681465505,0.037094169681465505
2,0.037094169681465505,0.037094169681465505
