generation,best_fitness,mean_fitness
1,0.08262895489731087,0.051254232106951375
