generation,best_fitness,mean_fitness
1,-0.10007597258835854,-0.10036070246616208
