generation,best_fitness,mean_fitness
1,1.1200182148153395,0.06723252675375692
2,1.5546696833052898,0.08269872056637523
