generation,best_fitness,mean_fitness
1,0.0887377840205682,-0.14149326629716513
2,0.0887377840205682,-0.14149326629716513
