generation,combination_avg_best_fitness,combination_avg_mean_fitness,combination_std_best_fitness,combination_std_mean_fitness,combination_best_fitness
1,0.15260877050813998,-0.38754870547805276,0.061118198285682844,0.38173051314202255,0.220476915001944
2,1.0966690365536809,0.3804839089601722,0.49764473136527854,0.13848163906278782,1.897885425230636
3,1.0966690365536809,0.7763693369331082,0.49764473136527854,0.3582407569521724,1.897885425230636
4,1.0966690365536809,1.0506659120607038,0.49764473136527854,0.531194477016671,1.897885425230636
5,1.0966690365536809,1.0506659120607038,0.49764473136527854,0.531194477016671,1.897885425230636
6,1.0966690365536809,1.0506659120607038,0.49764473136527854,0.531194477016671,1.897885425230636
7,1.0966690365536809,1.0506659120607038,0.49764473136527854,0.531194477016671,1.897885425230636
