generation,best_fitness,mean_fitness
1,0.5046128142088204,0.42750955092399145
