generation,best_fitness,mean_fitness
1,-0.023418474892343888,-0.023418474892343888
2,2.2142161378820995,2.2142161378820995
