generation,best_fitness,mean_fitness
1,0.13319565591346372,0.12627328726303347
