generation,best_fitness,mean_fitness
1,-0.024843795001321334,-0.024843795001321334
2,0.3075132857754435,0.3075132857754435
3,0.3075132857754435,0.3075132857754435
