generation,combination_avg_best_fitness,combination_avg_mean_fitness,combination_std_best_fitness,combination_std_mean_fitness,combination_best_fitness
1,-0.02030139070483862,-0.02030139070483862,0.06556330701920655,0.06556330701920655,0.0517278886108146
2,-0.004454757899075502,-0.004454757899075502,0.05330820681571014,0.05330820681571014,0.0517278886108146
