generation,best_fitness,mean_fitness
1,0.21513312019094155,0.030164567943342768
2,1.8978854252306356,0.5913235809688843
3,1.8978854252306356,1.3373737313212968
4,1.8978854252306356,1.8978854252306356
5,1.8978854252306356,1.8978854252306356
6,1.8978854252306356,1.8978854252306356
7,1.8978854252306356,1.8978854252306356
