generation,combination_avg_best_fitness,combination_avg_mean_fitness,combination_std_best_fitness,combination_std_mean_fitness,combination_best_fitness
1,0.16277513410631736,-0.09143376976299614,0.11929882820193548,0.09520834558966451,0.3148692732165302
2,0.16277513410631736,-0.09143376976299614,0.11929882820193548,0.09520834558966451,0.3148692732165302
