generation,best_fitness,mean_fitness
1,1.1471048459185706,-0.0417444743075773
2,1.6074499063684171,-0.006342883002449878
