generation,best_fitness,mean_fitness
0,0.27669880668235425,0.030825608165368962
1,0.27669880668235425,-0.059270473857790405
