generation,best_fitness,mean_fitness
1,-0.07129275855930683,-0.07129275855930683
2,-5.20583651604789e-05,-5.20583651604789e-05
