generation,combination_avg_best_fitness,combination_avg_mean_fitness,combination_std_best_fitness,combination_std_mean_fitness,combination_best_fitness
1,0.17081815486359725,-0.38339617498870004,0.03868320258208369,0.377982626908781,0.2204769150019437
2,2.992537172495064,1.0427374039537873,0.7040136575166381,0.2635417759410069,3.8884484837858815
3,2.992537172495064,1.8729748087079794,0.7040136575166381,0.2945877110973756,3.8884484837858815
4,3.3115130376669826,2.4330377875431743,0.7205654462804814,0.6890234156178994,4.28657103291419
5,3.3115130376669826,2.412244336916978,0.7205654462804814,0.5362818598924315,4.28657103291419
6,3.3115130376669826,2.369570272747575,0.7205654462804814,0.6183229978478538,4.28657103291419
7,3.3115130376669826,2.412244336916978,0.7205654462804814,0.5362818598924315,4.28657103291419
