generation,best_fitness,mean_fitness
1,-0.001618324980433794,-0.001618324980433794
2,-0.001618324980433794,-0.001618324980433794
