generation,best_fitness,mean_fitness
1,0.8527502238772822,-0.04974332426407125
2,1.2907205764823364,0.16635983611757496
