generation,best_fitness,mean_fitness
1,-0.11129924783218764,-0.11129924783218764
2,-0.0023892407221766665,-0.0023892407221766665
