generation,best_fitness,mean_fitness
1,-0.07914081940015727,-0.07914081940015727
2,0.051727888610814676,0.051727888610814676
