generation,best_fitness,mean_fitness
1,1.2630945191089933,-0.021574677451424065
2,1.3923704745542531,0.13156050799480415
