generation,best_fitness,mean_fitness
1,0.21513312019093334,0.028330465550253064
2,3.0957268867552443,1.0683080437752708
3,3.0957268867552443,1.9127488133686914
4,3.0957268867552443,2.3605071467644647
5,3.0957268867552443,2.2843707485207934
6,3.0957268867552443,2.2843707485207934
7,3.0957268867552443,2.2843707485207934
