generation,best_fitness,mean_fitness
1,0.00828581799141681,-0.1130791530810292
2,0.00828581799141681,-0.1130791530810292
