generation,best_fitness,mean_fitness
1,0.18308277759223918,-0.01009977544721694
2,0.18308277759223918,-0.01009977544721694
