generation,best_fitness,mean_fitness
1,0.36150310416860815,0.35595469590388534
