generation,best_fitness,mean_fitness
1,-0.10239954131829485,-0.10239954131829485
2,-0.10239954131829485,-0.10239954131829485
