generation,best_fitness,mean_fitness
1,0.21786879475919557,0.08973281608905997
