generation,best_fitness,mean_fitness
1,0.051727888610814676,0.051727888610814676
2,0.051727888610814676,0.051727888610814676
