generation,best_fitness,mean_fitness
1,1.2630945191089933,-0.021574677451424065
2,1.6867798139731989,0.10743274809784997
