generation,best_fitness,mean_fitness
0,0.36531042896464877,-0.017070851902766627
1,0.36531042896464877,-0.021691869497310234
