generation,best_fitness,mean_fitness
1,0.04135114258879152,-0.01630309326243411
2,1.7083444006614057,0.690980127146436
3,1.7104939165264939,1.3716643941894422
4,1.7104939165264939,1.6882305967970908
5,1.7104939165264939,1.2815347931999608
6,1.7104939165264939,1.6882305967970908
7,1.7104939165264939,1.2815347931999608
