generation,best_fitness,mean_fitness
1,0.019507423427132686,0.019507423427132686
2,0.019507423427132686,0.019507423427132686
3,0.019507423427132686,0.019507423427132686
